{"cameraMode":{"drawMode":0,"name":"Shaded","section":"Shading Mode"},"sceneLighting":false,"audioPlay":false,"sceneViewState":{"m_AlwaysRefresh":false,"showFog":true,"showSkybox":false,"showFlares":true,"showImageEffects":true,"showParticleSystems":true,"showVisualEffectGraphs":true,"m_FxEnabled":true},"in2DMode":false,"pivot":{"x":-8.13599967956543,"y":0.0989999920129776,"z":0.11800001561641693},"rotation":{"x":0.09110258519649506,"y":0.8622115254402161,"z":-0.46947747468948367,"w":0.1673598736524582},"size":0.8660270571708679,"orthographic":false}